2016,International Journal of Press-Politics,1,POLITICAL SCIENCE,
2016,Translator,1,LINGUISTICS,
2016,JOURNAL OF LANGUAGE AND SOCIAL PSYCHOLOGY,2,LINGUISTICS,"PSYCHOLOGY, SOCIAL"
2016,International Journal of Advertising,1,BUSINESS,
2016,Games and Culture,1,CULTURAL STUDIES,
2016,Environmental Communication-A Journal of Nature and Culture,1,ENVIRONMENTAL STUDIES,
2016,MEDIA CULTURE & SOCIETY,1,SOCIOLOGY,
2016,HEALTH COMMUNICATION,1,HEALTH POLICY & SERVICES,
2016,TELECOMMUNICATIONS POLICY,1,INFORMATION SCIENCE & LIBRARY SCIENCE,
2016,Information Communication & Society,1,SOCIOLOGY,
2016,Journal of Mass Media Ethics,1,ETHICS,
2016,Text & Talk,1,LINGUISTICS,
2016,DISCOURSE & SOCIETY,2,SOCIOLOGY,"PSYCHOLOGY, MULTIDISCIPLINARY"
2016,PERSONAL RELATIONSHIPS,1,"PSYCHOLOGY, SOCIAL",
2016,Comunicar,1,EDUCATION & EDUCATIONAL RESEARCH,
2016,NARRATIVE INQUIRY,1,LINGUISTICS,
2016,PUBLIC UNDERSTANDING OF SCIENCE,1,HISTORY & PHILOSOPHY OF SCIENCE,
2016,JOURNAL OF ADVERTISING RESEARCH,1,BUSINESS,
2016,JOURNAL OF SOCIAL AND PERSONAL RELATIONSHIPS,2,"PSYCHOLOGY, SOCIAL",FAMILY STUDIES
2016,Journal of Media Psychology-Theories Methods and Applications,1,"PSYCHOLOGY, MULTIDISCIPLINARY",
2016,JOURNAL OF BUSINESS AND TECHNICAL COMMUNICATION,1,BUSINESS,
2016,POLITICAL COMMUNICATION,1,POLITICAL SCIENCE,
2016,MEDIA PSYCHOLOGY,1,"PSYCHOLOGY, APPLIED",
2016,JOURNAL OF ADVERTISING,1,BUSINESS,
2016,Interaction Studies,1,LINGUISTICS,
2016,Argumentation,1,LINGUISTICS,
2016,JOURNAL OF MEDIA ECONOMICS,1,ECONOMICS,
2016,PUBLIC RELATIONS REVIEW,1,BUSINESS,
2016,Communication and Critical-Cultural Studies,1,CULTURAL STUDIES,
2016,Management Communication Quarterly,1,MANAGEMENT,
2016,PUBLIC OPINION QUARTERLY,2,POLITICAL SCIENCE,"SOCIAL SCIENCES, INTERDISCIPLINARY"
2016,Journal of Computer-Mediated Communication,1,INFORMATION SCIENCE & LIBRARY SCIENCE,
2016,JOURNAL OF HEALTH COMMUNICATION,1,INFORMATION SCIENCE & LIBRARY SCIENCE,
2016,Continuum-Journal of Media & Cultural Studies,1,CULTURAL STUDIES,
2016,Social Semiotics,1,LINGUISTICS,
2016,LANGUAGE & COMMUNICATION,1,LINGUISTICS,
2016,Journal of African Media Studies,1,CULTURAL STUDIES,
2016,RESEARCH ON LANGUAGE AND SOCIAL INTERACTION,2,LINGUISTICS,"PSYCHOLOGY, SOCIAL"
1997,MEDIA CULTURE & SOCIETY,1,SOCIOLOGY,
1997,HEALTH COMMUNICATION,1,HEALTH POLICY & SERVICES,
1997,TELECOMMUNICATIONS POLICY,1,INFORMATION SCIENCE & LIBRARY SCIENCE,
1997,DISCOURSE & SOCIETY,2,PSYCHOLOGY,SOCIOLOGY
1997,COMMUNICATION EDUCATION,1,EDUCATION & EDUCATIONAL RESEARCH,
1997,JOURNAL OF ADVERTISING RESEARCH,1,BUSINESS,
1997,JOURNAL OF SOCIAL AND PERSONAL RELATIONSHIPS,1,"PSYCHOLOGY, SOCIAL",
1997,JOURNAL OF BUSINESS AND TECHNICAL COMMUNICATION,1,BUSINESS,
1997,POLITICAL COMMUNICATION,1,POLITICAL SCIENCE,
1997,JOURNAL OF ADVERTISING,1,BUSINESS,
1997,PUBLIC CULTURE,1,ANTHROPOLOGY,
1997,JOURNAL OF MEDIA ECONOMICS,1,ECONOMICS,
1997,PUBLIC RELATIONS REVIEW,1,BUSINESS,
1997,PUBLIC OPINION QUARTERLY,2,POLITICAL SCIENCE,"SOCIAL SCIENCES, INTERDISCIPLINARY"
1997,JOURNAL OF NARRATIVE AND LIFE HISTORY,1,LANGUAGE & LINGUISTICS,
1997,LANGUAGE & COMMUNICATION,1,LANGUAGE & LINGUISTICS,
1997,MEDIA STUDIES JOURNAL,1,SOCIAL ISSUES,
1997,RESEARCH ON LANGUAGE AND SOCIAL INTERACTION,2,LANGUAGE & LINGUISTICS,"PSYCHOLOGY, SOCIAL"
1997,EUROPEAN JOURNAL OF DISORDERS OF COMMUNICATION,1,REHABILITATION,
1999,HEALTH COMMUNICATION,1,HEALTH POLICY & SERVICES,
1999,TELECOMMUNICATIONS POLICY,1,INFORMATION SCIENCE & LIBRARY SCIENCE,
1999,DISCOURSE & SOCIETY,2,PSYCHOLOGY,SOCIOLOGY
1999,COMMUNICATION EDUCATION,1,EDUCATION & EDUCATIONAL RESEARCH,
1999,PUBLIC UNDERSTANDING OF SCIENCE,1,HISTORY & PHILOSOPHY OF SCIENCE,
1999,JOURNAL OF ADVERTISING RESEARCH,1,BUSINESS,
1999,JOURNAL OF BUSINESS AND TECHNICAL COMMUNICATION,1,BUSINESS,
1999,POLITICAL COMMUNICATION,1,POLITICAL SCIENCE,
1999,JOURNAL OF ADVERTISING,1,BUSINESS,
1999,PUBLIC CULTURE,1,ANTHROPOLOGY,
1999,INTERNATIONAL JOURNAL OF LANGUAGE & COMMUNICATION DISORDERS,1,REHABILITATION,
1999,JOURNAL OF MEDIA ECONOMICS,1,ECONOMICS,
1999,PUBLIC RELATIONS REVIEW,1,BUSINESS,
1999,MEDIA CULTURE & SOCIETY,1,SOCIOLOGY,
1999,PUBLIC OPINION QUARTERLY,2,POLITICAL SCIENCE,"SOCIAL SCIENCES, INTERDISCIPLINARY"
1999,JOURNAL OF NARRATIVE AND LIFE HISTORY,1,LANGUAGE & LINGUISTICS,
1999,JOURNAL OF HEALTH COMMUNICATION,1,INFORMATION SCIENCE & LIBRARY SCIENCE,
1999,LANGUAGE & COMMUNICATION,1,LANGUAGE & LINGUISTICS,
1999,NARRATIVE INQUIRY,1,LANGUAGE & LINGUISTICS,
1999,JOURNAL OF SOCIAL AND PERSONAL RELATIONSHIPS,1,"PSYCHOLOGY, SOCIAL",
1999,MEDIA STUDIES JOURNAL,1,SOCIAL ISSUES,
1999,RESEARCH ON LANGUAGE AND SOCIAL INTERACTION,2,LANGUAGE & LINGUISTICS,"PSYCHOLOGY, SOCIAL"
1999,EUROPEAN JOURNAL OF DISORDERS OF COMMUNICATION,1,REHABILITATION,
1998,MEDIA CULTURE & SOCIETY,1,SOCIOLOGY,
1998,HEALTH COMMUNICATION,1,HEALTH POLICY & SERVICES,
1998,TELECOMMUNICATIONS POLICY,1,INFORMATION SCIENCE & LIBRARY SCIENCE,
1998,DISCOURSE & SOCIETY,2,PSYCHOLOGY,SOCIOLOGY
1998,COMMUNICATION EDUCATION,1,EDUCATION & EDUCATIONAL RESEARCH,
1998,JOURNAL OF ADVERTISING RESEARCH,1,BUSINESS,
1998,JOURNAL OF SOCIAL AND PERSONAL RELATIONSHIPS,1,"PSYCHOLOGY, SOCIAL",
1998,JOURNAL OF BUSINESS AND TECHNICAL COMMUNICATION,1,BUSINESS,
1998,POLITICAL COMMUNICATION,1,POLITICAL SCIENCE,
1998,JOURNAL OF ADVERTISING,1,BUSINESS,
1998,PUBLIC CULTURE,1,ANTHROPOLOGY,
1998,JOURNAL OF MEDIA ECONOMICS,1,ECONOMICS,
1998,PUBLIC RELATIONS REVIEW,1,BUSINESS,
1998,PUBLIC OPINION QUARTERLY,2,POLITICAL SCIENCE,"SOCIAL SCIENCES, INTERDISCIPLINARY"
1998,JOURNAL OF NARRATIVE AND LIFE HISTORY,1,LANGUAGE & LINGUISTICS,
1998,LANGUAGE & COMMUNICATION,1,LANGUAGE & LINGUISTICS,
1998,MEDIA STUDIES JOURNAL,1,SOCIAL ISSUES,
1998,RESEARCH ON LANGUAGE AND SOCIAL INTERACTION,2,LANGUAGE & LINGUISTICS,"PSYCHOLOGY, SOCIAL"
1998,EUROPEAN JOURNAL OF DISORDERS OF COMMUNICATION,1,REHABILITATION,
2002,MEDIA CULTURE & SOCIETY,1,SOCIOLOGY,
2002,HEALTH COMMUNICATION,1,HEALTH POLICY & SERVICES,
2002,TELECOMMUNICATIONS POLICY,1,INFORMATION SCIENCE & LIBRARY SCIENCE,
2002,DISCOURSE & SOCIETY,2,"PSYCHOLOGY, MULTIDISCIPLINARY",SOCIOLOGY
2002,PUBLIC UNDERSTANDING OF SCIENCE,1,HISTORY & PHILOSOPHY OF SCIENCE,
2002,JOURNAL OF ADVERTISING RESEARCH,1,BUSINESS,
2002,CYBERPSYCHOLOGY & BEHAVIOR,1,"PSYCHOLOGY, APPLIED",
2002,JOURNAL OF SOCIAL AND PERSONAL RELATIONSHIPS,1,"PSYCHOLOGY, SOCIAL",
2002,JOURNAL OF BUSINESS AND TECHNICAL COMMUNICATION,1,BUSINESS,
2002,POLITICAL COMMUNICATION,1,POLITICAL SCIENCE,
2002,MEDIA PSYCHOLOGY,1,"PSYCHOLOGY, APPLIED",
2002,JOURNAL OF ADVERTISING,1,BUSINESS,
2002,PUBLIC CULTURE,1,ANTHROPOLOGY,
2002,INTERNATIONAL JOURNAL OF LANGUAGE & COMMUNICATION DISORDERS,1,REHABILITATION,
2002,JOURNAL OF MEDIA ECONOMICS,1,ECONOMICS,
2002,PUBLIC RELATIONS REVIEW,1,BUSINESS,
2002,PUBLIC OPINION QUARTERLY,2,POLITICAL SCIENCE,"SOCIAL SCIENCES, INTERDISCIPLINARY"
2002,JOURNAL OF HEALTH COMMUNICATION,1,INFORMATION SCIENCE & LIBRARY SCIENCE,
2002,LANGUAGE & COMMUNICATION,1,APPLIED LINGUISTICS,
2002,NARRATIVE INQUIRY,1,APPLIED LINGUISTICS,
2002,MEDIA STUDIES JOURNAL,1,SOCIAL ISSUES,
2002,RESEARCH ON LANGUAGE AND SOCIAL INTERACTION,2,"PSYCHOLOGY, SOCIAL",APPLIED LINGUISTICS
2002,HARVARD INTERNATIONAL JOURNAL OF PRESS-POLITICS,1,POLITICAL SCIENCE,
2003,MEDIA CULTURE & SOCIETY,1,SOCIOLOGY,
2003,HEALTH COMMUNICATION,1,HEALTH POLICY & SERVICES,
2003,TELECOMMUNICATIONS POLICY,1,INFORMATION SCIENCE & LIBRARY SCIENCE,
2003,DISCOURSE & SOCIETY,2,"PSYCHOLOGY, MULTIDISCIPLINARY",SOCIOLOGY
2003,PUBLIC UNDERSTANDING OF SCIENCE,1,HISTORY & PHILOSOPHY OF SCIENCE,
2003,JOURNAL OF ADVERTISING RESEARCH,1,BUSINESS,
2003,CYBERPSYCHOLOGY & BEHAVIOR,1,"PSYCHOLOGY, APPLIED",
2003,JOURNAL OF SOCIAL AND PERSONAL RELATIONSHIPS,1,"PSYCHOLOGY, SOCIAL",
2003,JOURNAL OF BUSINESS AND TECHNICAL COMMUNICATION,1,BUSINESS,
2003,POLITICAL COMMUNICATION,1,POLITICAL SCIENCE,
2003,MEDIA PSYCHOLOGY,1,"PSYCHOLOGY, APPLIED",
2003,JOURNAL OF ADVERTISING,1,BUSINESS,
2003,PUBLIC CULTURE,1,ANTHROPOLOGY,
2003,INTERNATIONAL JOURNAL OF LANGUAGE & COMMUNICATION DISORDERS,1,REHABILITATION,
2003,JOURNAL OF MEDIA ECONOMICS,1,ECONOMICS,
2003,PUBLIC RELATIONS REVIEW,1,BUSINESS,
2003,PUBLIC OPINION QUARTERLY,2,POLITICAL SCIENCE,"SOCIAL SCIENCES, INTERDISCIPLINARY"
2003,JOURNAL OF HEALTH COMMUNICATION,1,INFORMATION SCIENCE & LIBRARY SCIENCE,
2003,LANGUAGE & COMMUNICATION,1,APPLIED LINGUISTICS,
2003,NARRATIVE INQUIRY,1,APPLIED LINGUISTICS,
2003,MEDIA STUDIES JOURNAL,1,SOCIAL ISSUES,
2003,RESEARCH ON LANGUAGE AND SOCIAL INTERACTION,2,"PSYCHOLOGY, SOCIAL",APPLIED LINGUISTICS
2003,HARVARD INTERNATIONAL JOURNAL OF PRESS-POLITICS,1,POLITICAL SCIENCE,
2000,MEDIA CULTURE & SOCIETY,1,SOCIOLOGY,
2000,HEALTH COMMUNICATION,1,HEALTH POLICY & SERVICES,
2000,TELECOMMUNICATIONS POLICY,1,INFORMATION SCIENCE & LIBRARY SCIENCE,
2000,DISCOURSE & SOCIETY,2,PSYCHOLOGY,SOCIOLOGY
2000,COMMUNICATION EDUCATION,1,EDUCATION & EDUCATIONAL RESEARCH,
2000,PUBLIC UNDERSTANDING OF SCIENCE,1,HISTORY & PHILOSOPHY OF SCIENCE,
2000,JOURNAL OF ADVERTISING RESEARCH,1,BUSINESS,
2000,JOURNAL OF BUSINESS AND TECHNICAL COMMUNICATION,1,BUSINESS,
2000,POLITICAL COMMUNICATION,1,POLITICAL SCIENCE,
2000,JOURNAL OF ADVERTISING,1,BUSINESS,
2000,PUBLIC CULTURE,1,ANTHROPOLOGY,
2000,INTERNATIONAL JOURNAL OF LANGUAGE & COMMUNICATION DISORDERS,1,REHABILITATION,
2000,JOURNAL OF MEDIA ECONOMICS,1,ECONOMICS,
2000,PUBLIC RELATIONS REVIEW,1,BUSINESS,
2000,PUBLIC OPINION QUARTERLY,2,POLITICAL SCIENCE,"SOCIAL SCIENCES, INTERDISCIPLINARY"
2000,JOURNAL OF HEALTH COMMUNICATION,1,INFORMATION SCIENCE & LIBRARY SCIENCE,
2000,LANGUAGE & COMMUNICATION,1,APPLIED LINGUISTICS,
2000,NARRATIVE INQUIRY,1,APPLIED LINGUISTICS,
2000,JOURNAL OF SOCIAL AND PERSONAL RELATIONSHIPS,1,"PSYCHOLOGY, SOCIAL",
2000,MEDIA STUDIES JOURNAL,1,SOCIAL ISSUES,
2000,RESEARCH ON LANGUAGE AND SOCIAL INTERACTION,2,"PSYCHOLOGY, SOCIAL",APPLIED LINGUISTICS
2000,HARVARD INTERNATIONAL JOURNAL OF PRESS-POLITICS,1,POLITICAL SCIENCE,
2001,MEDIA CULTURE & SOCIETY,1,SOCIOLOGY,
2001,HEALTH COMMUNICATION,1,HEALTH POLICY & SERVICES,
2001,TELECOMMUNICATIONS POLICY,1,INFORMATION SCIENCE & LIBRARY SCIENCE,
2001,DISCOURSE & SOCIETY,2,"PSYCHOLOGY, MULTIDISCIPLINARY",SOCIOLOGY
2001,COMMUNICATION EDUCATION,1,EDUCATION & EDUCATIONAL RESEARCH,
2001,PUBLIC UNDERSTANDING OF SCIENCE,1,HISTORY & PHILOSOPHY OF SCIENCE,
2001,JOURNAL OF ADVERTISING RESEARCH,1,BUSINESS,
2001,JOURNAL OF BUSINESS AND TECHNICAL COMMUNICATION,1,BUSINESS,
2001,POLITICAL COMMUNICATION,1,POLITICAL SCIENCE,
2001,JOURNAL OF ADVERTISING,1,BUSINESS,
2001,PUBLIC CULTURE,1,ANTHROPOLOGY,
2001,INTERNATIONAL JOURNAL OF LANGUAGE & COMMUNICATION DISORDERS,1,REHABILITATION,
2001,JOURNAL OF MEDIA ECONOMICS,1,ECONOMICS,
2001,PUBLIC RELATIONS REVIEW,1,BUSINESS,
2001,PUBLIC OPINION QUARTERLY,2,POLITICAL SCIENCE,"SOCIAL SCIENCES, INTERDISCIPLINARY"
2001,JOURNAL OF HEALTH COMMUNICATION,1,INFORMATION SCIENCE & LIBRARY SCIENCE,
2001,LANGUAGE & COMMUNICATION,1,APPLIED LINGUISTICS,
2001,NARRATIVE INQUIRY,1,APPLIED LINGUISTICS,
2001,JOURNAL OF SOCIAL AND PERSONAL RELATIONSHIPS,1,"PSYCHOLOGY, SOCIAL",
2001,MEDIA STUDIES JOURNAL,1,SOCIAL ISSUES,
2001,RESEARCH ON LANGUAGE AND SOCIAL INTERACTION,2,"PSYCHOLOGY, SOCIAL",APPLIED LINGUISTICS
2001,HARVARD INTERNATIONAL JOURNAL OF PRESS-POLITICS,1,POLITICAL SCIENCE,
2006,MEDIA CULTURE & SOCIETY,1,SOCIOLOGY,
2006,HEALTH COMMUNICATION,1,HEALTH POLICY & SERVICES,
2006,TELECOMMUNICATIONS POLICY,1,INFORMATION SCIENCE & LIBRARY SCIENCE,
2006,Text & Talk,1,LINGUISTICS,
2006,DISCOURSE & SOCIETY,2,"PSYCHOLOGY, MULTIDISCIPLINARY",SOCIOLOGY
2006,PUBLIC UNDERSTANDING OF SCIENCE,1,HISTORY & PHILOSOPHY OF SCIENCE,
2006,JOURNAL OF ADVERTISING RESEARCH,1,BUSINESS,
2006,CYBERPSYCHOLOGY & BEHAVIOR,1,"PSYCHOLOGY, APPLIED",
2006,JOURNAL OF SOCIAL AND PERSONAL RELATIONSHIPS,1,"PSYCHOLOGY, SOCIAL",
2006,JOURNAL OF BUSINESS AND TECHNICAL COMMUNICATION,1,BUSINESS,
2006,POLITICAL COMMUNICATION,1,POLITICAL SCIENCE,
2006,MEDIA PSYCHOLOGY,1,"PSYCHOLOGY, APPLIED",
2006,JOURNAL OF ADVERTISING,1,BUSINESS,
2006,INTERNATIONAL JOURNAL OF LANGUAGE & COMMUNICATION DISORDERS,1,REHABILITATION,
2006,JOURNAL OF MEDIA ECONOMICS,1,ECONOMICS,
2006,PUBLIC OPINION QUARTERLY,2,POLITICAL SCIENCE,"SOCIAL SCIENCES, INTERDISCIPLINARY"
2006,PUBLIC CULTURE,1,ANTHROPOLOGY,
2006,JOURNAL OF HEALTH COMMUNICATION,1,INFORMATION SCIENCE & LIBRARY SCIENCE,
2006,TEXT,1,LINGUISTICS,
2006,LANGUAGE & COMMUNICATION,1,LINGUISTICS,
2006,PUBLIC RELATIONS REVIEW,1,BUSINESS,
2006,NARRATIVE INQUIRY,1,LINGUISTICS,
2006,RESEARCH ON LANGUAGE AND SOCIAL INTERACTION,2,LINGUISTICS,"PSYCHOLOGY, SOCIAL"
2006,HARVARD INTERNATIONAL JOURNAL OF PRESS-POLITICS,1,POLITICAL SCIENCE,
2007,MEDIA CULTURE & SOCIETY,1,SOCIOLOGY,
2007,HEALTH COMMUNICATION,1,HEALTH POLICY & SERVICES,
2007,TELECOMMUNICATIONS POLICY,1,INFORMATION SCIENCE & LIBRARY SCIENCE,
2007,Text & Talk,1,LINGUISTICS,
2007,DISCOURSE & SOCIETY,2,"PSYCHOLOGY, MULTIDISCIPLINARY",SOCIOLOGY
2007,TEXT,1,LINGUISTICS,
2007,PUBLIC UNDERSTANDING OF SCIENCE,1,HISTORY & PHILOSOPHY OF SCIENCE,
2007,JOURNAL OF ADVERTISING RESEARCH,1,BUSINESS,
2007,CYBERPSYCHOLOGY & BEHAVIOR,1,"PSYCHOLOGY, APPLIED",
2007,JOURNAL OF SOCIAL AND PERSONAL RELATIONSHIPS,1,"PSYCHOLOGY, SOCIAL",
2007,JOURNAL OF BUSINESS AND TECHNICAL COMMUNICATION,1,BUSINESS,
2007,POLITICAL COMMUNICATION,1,POLITICAL SCIENCE,
2007,MEDIA PSYCHOLOGY,1,"PSYCHOLOGY, APPLIED",
2007,JOURNAL OF ADVERTISING,1,BUSINESS,
2007,JOURNAL OF MEDIA ECONOMICS,1,ECONOMICS,
2007,PUBLIC OPINION QUARTERLY,2,POLITICAL SCIENCE,"SOCIAL SCIENCES, INTERDISCIPLINARY"
2007,PUBLIC CULTURE,1,ANTHROPOLOGY,
2007,Journal of Computer-Mediated Communication,1,INFORMATION SCIENCE & LIBRARY SCIENCE,
2007,JOURNAL OF HEALTH COMMUNICATION,1,INFORMATION SCIENCE & LIBRARY SCIENCE,
2007,LANGUAGE & COMMUNICATION,1,LINGUISTICS,
2007,PUBLIC RELATIONS REVIEW,1,BUSINESS,
2007,NARRATIVE INQUIRY,1,LINGUISTICS,
2007,RESEARCH ON LANGUAGE AND SOCIAL INTERACTION,2,LINGUISTICS,"PSYCHOLOGY, SOCIAL"
2007,HARVARD INTERNATIONAL JOURNAL OF PRESS-POLITICS,1,POLITICAL SCIENCE,
2004,MEDIA CULTURE & SOCIETY,1,SOCIOLOGY,
2004,HEALTH COMMUNICATION,1,HEALTH POLICY & SERVICES,
2004,TELECOMMUNICATIONS POLICY,1,INFORMATION SCIENCE & LIBRARY SCIENCE,
2004,DISCOURSE & SOCIETY,2,"PSYCHOLOGY, MULTIDISCIPLINARY",SOCIOLOGY
2004,PUBLIC UNDERSTANDING OF SCIENCE,1,HISTORY & PHILOSOPHY OF SCIENCE,
2004,JOURNAL OF ADVERTISING RESEARCH,1,BUSINESS,
2004,CYBERPSYCHOLOGY & BEHAVIOR,1,"PSYCHOLOGY, APPLIED",
2004,JOURNAL OF SOCIAL AND PERSONAL RELATIONSHIPS,1,"PSYCHOLOGY, SOCIAL",
2004,JOURNAL OF BUSINESS AND TECHNICAL COMMUNICATION,1,BUSINESS,
2004,POLITICAL COMMUNICATION,1,POLITICAL SCIENCE,
2004,MEDIA PSYCHOLOGY,1,"PSYCHOLOGY, APPLIED",
2004,JOURNAL OF ADVERTISING,1,BUSINESS,
2004,INTERNATIONAL JOURNAL OF LANGUAGE & COMMUNICATION DISORDERS,1,REHABILITATION,
2004,JOURNAL OF MEDIA ECONOMICS,1,ECONOMICS,
2004,PUBLIC OPINION QUARTERLY,2,POLITICAL SCIENCE,"SOCIAL SCIENCES, INTERDISCIPLINARY"
2004,PUBLIC CULTURE,1,ANTHROPOLOGY,
2004,JOURNAL OF HEALTH COMMUNICATION,1,INFORMATION SCIENCE & LIBRARY SCIENCE,
2004,LANGUAGE & COMMUNICATION,1,APPLIED LINGUISTICS,
2004,PUBLIC RELATIONS REVIEW,1,BUSINESS,
2004,NARRATIVE INQUIRY,1,APPLIED LINGUISTICS,
2004,RESEARCH ON LANGUAGE AND SOCIAL INTERACTION,2,"PSYCHOLOGY, SOCIAL",APPLIED LINGUISTICS
2004,HARVARD INTERNATIONAL JOURNAL OF PRESS-POLITICS,1,POLITICAL SCIENCE,
2005,MEDIA CULTURE & SOCIETY,1,SOCIOLOGY,
2005,HEALTH COMMUNICATION,1,HEALTH POLICY & SERVICES,
2005,TELECOMMUNICATIONS POLICY,1,INFORMATION SCIENCE & LIBRARY SCIENCE,
2005,DISCOURSE & SOCIETY,2,"PSYCHOLOGY, MULTIDISCIPLINARY",SOCIOLOGY
2005,PUBLIC UNDERSTANDING OF SCIENCE,1,HISTORY & PHILOSOPHY OF SCIENCE,
2005,JOURNAL OF ADVERTISING RESEARCH,1,BUSINESS,
2005,CYBERPSYCHOLOGY & BEHAVIOR,1,"PSYCHOLOGY, APPLIED",
2005,JOURNAL OF SOCIAL AND PERSONAL RELATIONSHIPS,1,"PSYCHOLOGY, SOCIAL",
2005,JOURNAL OF BUSINESS AND TECHNICAL COMMUNICATION,1,BUSINESS,
2005,POLITICAL COMMUNICATION,1,POLITICAL SCIENCE,
2005,MEDIA PSYCHOLOGY,1,"PSYCHOLOGY, APPLIED",
2005,JOURNAL OF ADVERTISING,1,BUSINESS,
2005,INTERNATIONAL JOURNAL OF LANGUAGE & COMMUNICATION DISORDERS,1,REHABILITATION,
2005,JOURNAL OF MEDIA ECONOMICS,1,ECONOMICS,
2005,PUBLIC OPINION QUARTERLY,2,POLITICAL SCIENCE,"SOCIAL SCIENCES, INTERDISCIPLINARY"
2005,PUBLIC CULTURE,1,ANTHROPOLOGY,
2005,JOURNAL OF HEALTH COMMUNICATION,1,INFORMATION SCIENCE & LIBRARY SCIENCE,
2005,LANGUAGE & COMMUNICATION,1,APPLIED LINGUISTICS,
2005,PUBLIC RELATIONS REVIEW,1,BUSINESS,
2005,NARRATIVE INQUIRY,1,APPLIED LINGUISTICS,
2005,RESEARCH ON LANGUAGE AND SOCIAL INTERACTION,2,"PSYCHOLOGY, SOCIAL",APPLIED LINGUISTICS
2005,HARVARD INTERNATIONAL JOURNAL OF PRESS-POLITICS,1,POLITICAL SCIENCE,
2015,International Journal of Press-Politics,1,POLITICAL SCIENCE,
2015,Translator,1,LINGUISTICS,
2015,JOURNAL OF LANGUAGE AND SOCIAL PSYCHOLOGY,2,LINGUISTICS,"PSYCHOLOGY, SOCIAL"
2015,International Journal of Advertising,1,BUSINESS,
2015,Games and Culture,1,CULTURAL STUDIES,
2015,Environmental Communication-A Journal of Nature and Culture,1,ENVIRONMENTAL STUDIES,
2015,MEDIA CULTURE & SOCIETY,1,SOCIOLOGY,
2015,HEALTH COMMUNICATION,1,HEALTH POLICY & SERVICES,
2015,TELECOMMUNICATIONS POLICY,1,INFORMATION SCIENCE & LIBRARY SCIENCE,
2015,Information Communication & Society,1,SOCIOLOGY,
2015,Journal of Mass Media Ethics,1,ETHICS,
2015,Text & Talk,1,LINGUISTICS,
2015,DISCOURSE & SOCIETY,2,SOCIOLOGY,"PSYCHOLOGY, MULTIDISCIPLINARY"
2015,PERSONAL RELATIONSHIPS,1,"PSYCHOLOGY, SOCIAL",
2015,Comunicar,1,EDUCATION & EDUCATIONAL RESEARCH,
2015,NARRATIVE INQUIRY,1,LINGUISTICS,
2015,PUBLIC UNDERSTANDING OF SCIENCE,1,HISTORY & PHILOSOPHY OF SCIENCE,
2015,JOURNAL OF ADVERTISING RESEARCH,1,BUSINESS,
2015,JOURNAL OF SOCIAL AND PERSONAL RELATIONSHIPS,2,"PSYCHOLOGY, SOCIAL",FAMILY STUDIES
2015,Journal of Media Psychology-Theories Methods and Applications,1,"PSYCHOLOGY, MULTIDISCIPLINARY",
2015,JOURNAL OF BUSINESS AND TECHNICAL COMMUNICATION,1,BUSINESS,
2015,POLITICAL COMMUNICATION,1,POLITICAL SCIENCE,
2015,MEDIA PSYCHOLOGY,1,"PSYCHOLOGY, APPLIED",
2015,JOURNAL OF ADVERTISING,1,BUSINESS,
2015,Interaction Studies,1,LINGUISTICS,
2015,Argumentation,1,LINGUISTICS,
2015,JOURNAL OF MEDIA ECONOMICS,1,ECONOMICS,
2015,PUBLIC RELATIONS REVIEW,1,BUSINESS,
2015,Communication and Critical-Cultural Studies,1,CULTURAL STUDIES,
2015,PUBLIC OPINION QUARTERLY,2,POLITICAL SCIENCE,"SOCIAL SCIENCES, INTERDISCIPLINARY"
2015,Journal of Computer-Mediated Communication,1,INFORMATION SCIENCE & LIBRARY SCIENCE,
2015,JOURNAL OF HEALTH COMMUNICATION,1,INFORMATION SCIENCE & LIBRARY SCIENCE,
2015,Continuum-Journal of Media & Cultural Studies,1,CULTURAL STUDIES,
2015,Social Semiotics,1,LINGUISTICS,
2015,Management Communication Quarterly,1,MANAGEMENT,
2015,LANGUAGE & COMMUNICATION,1,LINGUISTICS,
2015,Journal of African Media Studies,1,CULTURAL STUDIES,
2015,RESEARCH ON LANGUAGE AND SOCIAL INTERACTION,2,LINGUISTICS,"PSYCHOLOGY, SOCIAL"
2014,International Journal of Press-Politics,1,POLITICAL SCIENCE,
2014,Translator,1,LINGUISTICS,
2014,JOURNAL OF LANGUAGE AND SOCIAL PSYCHOLOGY,2,LINGUISTICS,"PSYCHOLOGY, SOCIAL"
2014,International Journal of Advertising,1,BUSINESS,
2014,Games and Culture,1,CULTURAL STUDIES,
2014,Environmental Communication-A Journal of Nature and Culture,1,ENVIRONMENTAL STUDIES,
2014,MEDIA CULTURE & SOCIETY,1,SOCIOLOGY,
2014,HEALTH COMMUNICATION,1,HEALTH POLICY & SERVICES,
2014,TELECOMMUNICATIONS POLICY,1,INFORMATION SCIENCE & LIBRARY SCIENCE,
2014,Journal of Mass Media Ethics,1,ETHICS,
2014,Text & Talk,1,LINGUISTICS,
2014,DISCOURSE & SOCIETY,2,SOCIOLOGY,"PSYCHOLOGY, MULTIDISCIPLINARY"
2014,PERSONAL RELATIONSHIPS,1,"PSYCHOLOGY, SOCIAL",
2014,Comunicar,1,EDUCATION & EDUCATIONAL RESEARCH,
2014,NARRATIVE INQUIRY,1,LINGUISTICS,
2014,PUBLIC UNDERSTANDING OF SCIENCE,1,HISTORY & PHILOSOPHY OF SCIENCE,
2014,JOURNAL OF ADVERTISING RESEARCH,1,BUSINESS,
2014,JOURNAL OF SOCIAL AND PERSONAL RELATIONSHIPS,1,"PSYCHOLOGY, SOCIAL",
2014,Journal of Media Psychology-Theories Methods and Applications,1,"PSYCHOLOGY, MULTIDISCIPLINARY",
2014,JOURNAL OF BUSINESS AND TECHNICAL COMMUNICATION,1,BUSINESS,
2014,POLITICAL COMMUNICATION,1,POLITICAL SCIENCE,
2014,MEDIA PSYCHOLOGY,1,"PSYCHOLOGY, APPLIED",
2014,JOURNAL OF ADVERTISING,1,BUSINESS,
2014,Interaction Studies,1,LINGUISTICS,
2014,Argumentation,1,LINGUISTICS,
2014,JOURNAL OF MEDIA ECONOMICS,1,ECONOMICS,
2014,PUBLIC RELATIONS REVIEW,1,BUSINESS,
2014,Communication and Critical-Cultural Studies,1,CULTURAL STUDIES,
2014,PUBLIC OPINION QUARTERLY,2,POLITICAL SCIENCE,"SOCIAL SCIENCES, INTERDISCIPLINARY"
2014,Journal of Computer-Mediated Communication,1,INFORMATION SCIENCE & LIBRARY SCIENCE,
2014,Information Communication & Society,1,SOCIOLOGY,
2014,JOURNAL OF HEALTH COMMUNICATION,1,INFORMATION SCIENCE & LIBRARY SCIENCE,
2014,Continuum-Journal of Media & Cultural Studies,1,CULTURAL STUDIES,
2014,Social Semiotics,1,LINGUISTICS,
2014,Management Communication Quarterly,1,MANAGEMENT,
2014,LANGUAGE & COMMUNICATION,1,LINGUISTICS,
2014,Journal of African Media Studies,1,CULTURAL STUDIES,
2014,RESEARCH ON LANGUAGE AND SOCIAL INTERACTION,2,LINGUISTICS,"PSYCHOLOGY, SOCIAL"
2008,International Journal of Advertising,1,BUSINESS,
2008,MEDIA CULTURE & SOCIETY,1,SOCIOLOGY,
2008,HEALTH COMMUNICATION,1,HEALTH POLICY & SERVICES,
2008,TELECOMMUNICATIONS POLICY,1,INFORMATION SCIENCE & LIBRARY SCIENCE,
2008,Text & Talk,1,LINGUISTICS,
2008,DISCOURSE & SOCIETY,2,"PSYCHOLOGY, MULTIDISCIPLINARY",SOCIOLOGY
2008,PUBLIC UNDERSTANDING OF SCIENCE,1,HISTORY & PHILOSOPHY OF SCIENCE,
2008,JOURNAL OF ADVERTISING RESEARCH,1,BUSINESS,
2008,CYBERPSYCHOLOGY & BEHAVIOR,1,"PSYCHOLOGY, APPLIED",
2008,JOURNAL OF SOCIAL AND PERSONAL RELATIONSHIPS,1,"PSYCHOLOGY, SOCIAL",
2008,JOURNAL OF BUSINESS AND TECHNICAL COMMUNICATION,1,BUSINESS,
2008,POLITICAL COMMUNICATION,1,POLITICAL SCIENCE,
2008,MEDIA PSYCHOLOGY,1,"PSYCHOLOGY, APPLIED",
2008,JOURNAL OF ADVERTISING,1,BUSINESS,
2008,PUBLIC CULTURE,1,ANTHROPOLOGY,
2008,Interaction Studies,1,LINGUISTICS,
2008,JOURNAL OF MEDIA ECONOMICS,1,ECONOMICS,
2008,PUBLIC RELATIONS REVIEW,1,BUSINESS,
2008,PUBLIC OPINION QUARTERLY,2,POLITICAL SCIENCE,"SOCIAL SCIENCES, INTERDISCIPLINARY"
2008,Journal of Computer-Mediated Communication,1,INFORMATION SCIENCE & LIBRARY SCIENCE,
2008,JOURNAL OF HEALTH COMMUNICATION,1,INFORMATION SCIENCE & LIBRARY SCIENCE,
2008,LANGUAGE & COMMUNICATION,1,LINGUISTICS,
2008,NARRATIVE INQUIRY,1,LINGUISTICS,
2008,RESEARCH ON LANGUAGE AND SOCIAL INTERACTION,2,LINGUISTICS,"PSYCHOLOGY, SOCIAL"
2008,HARVARD INTERNATIONAL JOURNAL OF PRESS-POLITICS,1,POLITICAL SCIENCE,
2009,International Journal of Press-Politics,1,POLITICAL SCIENCE,
2009,Translator,1,LINGUISTICS,
2009,JOURNAL OF LANGUAGE AND SOCIAL PSYCHOLOGY,2,LINGUISTICS,"PSYCHOLOGY, SOCIAL"
2009,International Journal of Advertising,1,BUSINESS,
2009,Environmental Communication-A Journal of Nature and Culture,1,ENVIRONMENTAL STUDIES,
2009,MEDIA CULTURE & SOCIETY,1,SOCIOLOGY,
2009,HEALTH COMMUNICATION,1,HEALTH POLICY & SERVICES,
2009,TELECOMMUNICATIONS POLICY,1,INFORMATION SCIENCE & LIBRARY SCIENCE,
2009,Text & Talk,1,LINGUISTICS,
2009,DISCOURSE & SOCIETY,2,SOCIOLOGY,"PSYCHOLOGY, MULTIDISCIPLINARY"
2009,PERSONAL RELATIONSHIPS,1,"PSYCHOLOGY, SOCIAL",
2009,NARRATIVE INQUIRY,1,LINGUISTICS,
2009,PUBLIC UNDERSTANDING OF SCIENCE,1,HISTORY & PHILOSOPHY OF SCIENCE,
2009,JOURNAL OF ADVERTISING RESEARCH,1,BUSINESS,
2009,CYBERPSYCHOLOGY & BEHAVIOR,1,"PSYCHOLOGY, APPLIED",
2009,JOURNAL OF SOCIAL AND PERSONAL RELATIONSHIPS,1,"PSYCHOLOGY, SOCIAL",
2009,JOURNAL OF BUSINESS AND TECHNICAL COMMUNICATION,1,BUSINESS,
2009,POLITICAL COMMUNICATION,1,POLITICAL SCIENCE,
2009,MEDIA PSYCHOLOGY,1,"PSYCHOLOGY, APPLIED",
2009,JOURNAL OF ADVERTISING,1,BUSINESS,
2009,PUBLIC CULTURE,1,ANTHROPOLOGY,
2009,Interaction Studies,1,LINGUISTICS,
2009,JOURNAL OF MEDIA ECONOMICS,1,ECONOMICS,
2009,PUBLIC RELATIONS REVIEW,1,BUSINESS,
2009,Management Communication Quarterly,1,MANAGEMENT,
2009,PUBLIC OPINION QUARTERLY,2,POLITICAL SCIENCE,"SOCIAL SCIENCES, INTERDISCIPLINARY"
2009,Journal of Computer-Mediated Communication,1,INFORMATION SCIENCE & LIBRARY SCIENCE,
2009,JOURNAL OF HEALTH COMMUNICATION,1,INFORMATION SCIENCE & LIBRARY SCIENCE,
2009,LANGUAGE & COMMUNICATION,1,LINGUISTICS,
2009,RESEARCH ON LANGUAGE AND SOCIAL INTERACTION,2,LINGUISTICS,"PSYCHOLOGY, SOCIAL"
2009,HARVARD INTERNATIONAL JOURNAL OF PRESS-POLITICS,1,POLITICAL SCIENCE,
2011,International Journal of Press-Politics,1,POLITICAL SCIENCE,
2011,JOURNAL OF LANGUAGE AND SOCIAL PSYCHOLOGY,1,"PSYCHOLOGY, SOCIAL",
2011,International Journal of Advertising,1,BUSINESS,
2011,Games and Culture,1,CULTURAL STUDIES,
2011,Environmental Communication-A Journal of Nature and Culture,1,ENVIRONMENTAL STUDIES,
2011,MEDIA CULTURE & SOCIETY,1,SOCIOLOGY,
2011,HEALTH COMMUNICATION,1,HEALTH POLICY & SERVICES,
2011,TELECOMMUNICATIONS POLICY,1,INFORMATION SCIENCE & LIBRARY SCIENCE,
2011,Journal of Mass Media Ethics,1,ETHICS,
2011,DISCOURSE & SOCIETY,2,SOCIOLOGY,"PSYCHOLOGY, MULTIDISCIPLINARY"
2011,PERSONAL RELATIONSHIPS,1,"PSYCHOLOGY, SOCIAL",
2011,Comunicar,1,EDUCATION & EDUCATIONAL RESEARCH,
2011,PUBLIC UNDERSTANDING OF SCIENCE,1,HISTORY & PHILOSOPHY OF SCIENCE,
2011,JOURNAL OF ADVERTISING RESEARCH,1,BUSINESS,
2011,CYBERPSYCHOLOGY & BEHAVIOR,1,"PSYCHOLOGY, APPLIED",
2011,JOURNAL OF SOCIAL AND PERSONAL RELATIONSHIPS,1,"PSYCHOLOGY, SOCIAL",
2011,JOURNAL OF BUSINESS AND TECHNICAL COMMUNICATION,1,BUSINESS,
2011,POLITICAL COMMUNICATION,1,POLITICAL SCIENCE,
2011,MEDIA PSYCHOLOGY,1,"PSYCHOLOGY, APPLIED",
2011,JOURNAL OF ADVERTISING,1,BUSINESS,
2011,JOURNAL OF MEDIA ECONOMICS,1,ECONOMICS,
2011,PUBLIC RELATIONS REVIEW,1,BUSINESS,
2011,Management Communication Quarterly,1,MANAGEMENT,
2011,PUBLIC OPINION QUARTERLY,2,POLITICAL SCIENCE,"SOCIAL SCIENCES, INTERDISCIPLINARY"
2011,Journal of Computer-Mediated Communication,1,INFORMATION SCIENCE & LIBRARY SCIENCE,
2011,Information Communication & Society,1,SOCIOLOGY,
2011,JOURNAL OF HEALTH COMMUNICATION,1,INFORMATION SCIENCE & LIBRARY SCIENCE,
2011,Continuum-Journal of Media & Cultural Studies,1,CULTURAL STUDIES,
2011,Journal of African Media Studies,1,CULTURAL STUDIES,
2011,RESEARCH ON LANGUAGE AND SOCIAL INTERACTION,1,"PSYCHOLOGY, SOCIAL",
2010,International Journal of Press-Politics,1,POLITICAL SCIENCE,
2010,Translator,1,LINGUISTICS,
2010,JOURNAL OF LANGUAGE AND SOCIAL PSYCHOLOGY,2,LINGUISTICS,"PSYCHOLOGY, SOCIAL"
2010,International Journal of Advertising,1,BUSINESS,
2010,Environmental Communication-A Journal of Nature and Culture,1,ENVIRONMENTAL STUDIES,
2010,MEDIA CULTURE & SOCIETY,1,SOCIOLOGY,
2010,HEALTH COMMUNICATION,1,HEALTH POLICY & SERVICES,
2010,LANGUAGE & COMMUNICATION,1,LINGUISTICS,
2010,TELECOMMUNICATIONS POLICY,1,INFORMATION SCIENCE & LIBRARY SCIENCE,
2010,Journal of Mass Media Ethics,1,ETHICS,
2010,Text & Talk,1,LINGUISTICS,
2010,DISCOURSE & SOCIETY,2,SOCIOLOGY,"PSYCHOLOGY, MULTIDISCIPLINARY"
2010,PERSONAL RELATIONSHIPS,1,"PSYCHOLOGY, SOCIAL",
2010,Comunicar,1,EDUCATION & EDUCATIONAL RESEARCH,
2010,NARRATIVE INQUIRY,1,LINGUISTICS,
2010,PUBLIC UNDERSTANDING OF SCIENCE,1,HISTORY & PHILOSOPHY OF SCIENCE,
2010,JOURNAL OF ADVERTISING RESEARCH,1,BUSINESS,
2010,CYBERPSYCHOLOGY & BEHAVIOR,1,"PSYCHOLOGY, APPLIED",
2010,JOURNAL OF SOCIAL AND PERSONAL RELATIONSHIPS,1,"PSYCHOLOGY, SOCIAL",
2010,JOURNAL OF BUSINESS AND TECHNICAL COMMUNICATION,1,BUSINESS,
2010,POLITICAL COMMUNICATION,1,POLITICAL SCIENCE,
2010,MEDIA PSYCHOLOGY,1,"PSYCHOLOGY, APPLIED",
2010,JOURNAL OF ADVERTISING,1,BUSINESS,
2010,PUBLIC CULTURE,1,ANTHROPOLOGY,
2010,Interaction Studies,1,LINGUISTICS,
2010,JOURNAL OF MEDIA ECONOMICS,1,ECONOMICS,
2010,PUBLIC RELATIONS REVIEW,1,BUSINESS,
2010,Management Communication Quarterly,1,MANAGEMENT,
2010,PUBLIC OPINION QUARTERLY,2,POLITICAL SCIENCE,"SOCIAL SCIENCES, INTERDISCIPLINARY"
2010,Journal of Computer-Mediated Communication,1,INFORMATION SCIENCE & LIBRARY SCIENCE,
2010,JOURNAL OF HEALTH COMMUNICATION,1,INFORMATION SCIENCE & LIBRARY SCIENCE,
2010,Continuum-Journal of Media & Cultural Studies,1,CULTURAL STUDIES,
2010,RESEARCH ON LANGUAGE AND SOCIAL INTERACTION,2,LINGUISTICS,"PSYCHOLOGY, SOCIAL"
2013,International Journal of Press-Politics,1,POLITICAL SCIENCE,
2013,Translator,1,LINGUISTICS,
2013,JOURNAL OF LANGUAGE AND SOCIAL PSYCHOLOGY,2,LINGUISTICS,"PSYCHOLOGY, SOCIAL"
2013,International Journal of Advertising,1,BUSINESS,
2013,Games and Culture,1,CULTURAL STUDIES,
2013,Environmental Communication-A Journal of Nature and Culture,1,ENVIRONMENTAL STUDIES,
2013,MEDIA CULTURE & SOCIETY,1,SOCIOLOGY,
2013,HEALTH COMMUNICATION,1,HEALTH POLICY & SERVICES,
2013,TELECOMMUNICATIONS POLICY,1,INFORMATION SCIENCE & LIBRARY SCIENCE,
2013,Journal of Mass Media Ethics,1,ETHICS,
2013,Text & Talk,1,LINGUISTICS,
2013,DISCOURSE & SOCIETY,2,SOCIOLOGY,"PSYCHOLOGY, MULTIDISCIPLINARY"
2013,PERSONAL RELATIONSHIPS,1,"PSYCHOLOGY, SOCIAL",
2013,Comunicar,1,EDUCATION & EDUCATIONAL RESEARCH,
2013,NARRATIVE INQUIRY,1,LINGUISTICS,
2013,PUBLIC UNDERSTANDING OF SCIENCE,1,HISTORY & PHILOSOPHY OF SCIENCE,
2013,JOURNAL OF ADVERTISING RESEARCH,1,BUSINESS,
2013,JOURNAL OF SOCIAL AND PERSONAL RELATIONSHIPS,1,"PSYCHOLOGY, SOCIAL",
2013,Journal of Media Psychology-Theories Methods and Applications,1,"PSYCHOLOGY, MULTIDISCIPLINARY",
2013,JOURNAL OF BUSINESS AND TECHNICAL COMMUNICATION,1,BUSINESS,
2013,POLITICAL COMMUNICATION,1,POLITICAL SCIENCE,
2013,MEDIA PSYCHOLOGY,1,"PSYCHOLOGY, APPLIED",
2013,JOURNAL OF ADVERTISING,1,BUSINESS,
2013,Interaction Studies,1,LINGUISTICS,
2013,Argumentation,1,LINGUISTICS,
2013,JOURNAL OF MEDIA ECONOMICS,1,ECONOMICS,
2013,PUBLIC RELATIONS REVIEW,1,BUSINESS,
2013,Communication and Critical-Cultural Studies,1,CULTURAL STUDIES,
2013,Management Communication Quarterly,1,MANAGEMENT,
2013,PUBLIC OPINION QUARTERLY,2,POLITICAL SCIENCE,"SOCIAL SCIENCES, INTERDISCIPLINARY"
2013,Journal of Computer-Mediated Communication,1,INFORMATION SCIENCE & LIBRARY SCIENCE,
2013,Information Communication & Society,1,SOCIOLOGY,
2013,JOURNAL OF HEALTH COMMUNICATION,1,INFORMATION SCIENCE & LIBRARY SCIENCE,
2013,Continuum-Journal of Media & Cultural Studies,1,CULTURAL STUDIES,
2013,Social Semiotics,1,LINGUISTICS,
2013,Journal of African Media Studies,1,CULTURAL STUDIES,
2013,LANGUAGE & COMMUNICATION,1,LINGUISTICS,
2013,RESEARCH ON LANGUAGE AND SOCIAL INTERACTION,2,LINGUISTICS,"PSYCHOLOGY, SOCIAL"
2012,International Journal of Press-Politics,1,POLITICAL SCIENCE,
2012,Translator,1,LINGUISTICS,
2012,JOURNAL OF LANGUAGE AND SOCIAL PSYCHOLOGY,2,LINGUISTICS,"PSYCHOLOGY, SOCIAL"
2012,International Journal of Advertising,1,BUSINESS,
2012,Games and Culture,1,CULTURAL STUDIES,
2012,Environmental Communication-A Journal of Nature and Culture,1,ENVIRONMENTAL STUDIES,
2012,MEDIA CULTURE & SOCIETY,1,SOCIOLOGY,
2012,HEALTH COMMUNICATION,1,HEALTH POLICY & SERVICES,
2012,TELECOMMUNICATIONS POLICY,1,INFORMATION SCIENCE & LIBRARY SCIENCE,
2012,Journal of Mass Media Ethics,1,ETHICS,
2012,Text & Talk,1,LINGUISTICS,
2012,DISCOURSE & SOCIETY,2,SOCIOLOGY,"PSYCHOLOGY, MULTIDISCIPLINARY"
2012,PERSONAL RELATIONSHIPS,1,"PSYCHOLOGY, SOCIAL",
2012,Comunicar,1,EDUCATION & EDUCATIONAL RESEARCH,
2012,NARRATIVE INQUIRY,1,LINGUISTICS,
2012,PUBLIC UNDERSTANDING OF SCIENCE,1,HISTORY & PHILOSOPHY OF SCIENCE,
2012,JOURNAL OF ADVERTISING RESEARCH,1,BUSINESS,
2012,JOURNAL OF SOCIAL AND PERSONAL RELATIONSHIPS,1,"PSYCHOLOGY, SOCIAL",
2012,JOURNAL OF BUSINESS AND TECHNICAL COMMUNICATION,1,BUSINESS,
2012,POLITICAL COMMUNICATION,1,POLITICAL SCIENCE,
2012,MEDIA PSYCHOLOGY,1,"PSYCHOLOGY, APPLIED",
2012,JOURNAL OF ADVERTISING,1,BUSINESS,
2012,Interaction Studies,1,LINGUISTICS,
2012,Argumentation,1,LINGUISTICS,
2012,JOURNAL OF MEDIA ECONOMICS,1,ECONOMICS,
2012,PUBLIC RELATIONS REVIEW,1,BUSINESS,
2012,Communication and Critical-Cultural Studies,1,CULTURAL STUDIES,
2012,Management Communication Quarterly,1,MANAGEMENT,
2012,PUBLIC OPINION QUARTERLY,2,POLITICAL SCIENCE,"SOCIAL SCIENCES, INTERDISCIPLINARY"
2012,Journal of Computer-Mediated Communication,1,INFORMATION SCIENCE & LIBRARY SCIENCE,
2012,Information Communication & Society,1,SOCIOLOGY,
2012,JOURNAL OF HEALTH COMMUNICATION,1,INFORMATION SCIENCE & LIBRARY SCIENCE,
2012,Continuum-Journal of Media & Cultural Studies,1,CULTURAL STUDIES,
2012,Journal of African Media Studies,1,CULTURAL STUDIES,
2012,LANGUAGE & COMMUNICATION,1,LINGUISTICS,
2012,RESEARCH ON LANGUAGE AND SOCIAL INTERACTION,2,LINGUISTICS,"PSYCHOLOGY, SOCIAL"
